name,Like
Lady Gaga,
Katy Perry,
The Beatles,
Rihanna,
Avril Lavigne,
Britney Spears,
Beyoncé,
Radiohead,
Muse,
Coldplay,
Madonna,
Paramore,
Christina Aguilera,
Ke$ha,
Black Eyed Peas,
The Killers,
Shakira,
P!nk,
Linkin Park,
Miley Cyrus,
Kylie Minogue,
Nirvana,
Michael Jackson,
Kelly Clarkson,
Lily Allen,
Pink Floyd,
The Pussycat Dolls,
Kings of Leon,
Arctic Monkeys,
Green Day,
Glee Cast,
Placebo,
The Cure,
Depeche Mode,
Red Hot Chili Peppers,
Mariah Carey,
Evanescence,
Taylor Swift,
Queen,
Metallica,
Oasis,
30 Seconds to Mars,
Jennifer Lopez,
Amy Winehouse,
Led Zeppelin,
David Bowie,
Eminem,
AC/DC,
U2,
System of a Down,
Ashley Tisdale,
The Strokes,
Franz Ferdinand,
Hilary Duff,
The Smiths,
Foo Fighters,
Björk,
Guns N' Roses,
David Guetta,
Nelly Furtado,
Iron Maiden,
Leona Lewis,
Florence + the Machine,
Adam Lambert,
Daft Punk,
My Chemical Romance,
3OH!3,
blink-182,
Alicia Keys,
Sigur Rós,
Selena Gomez & the Scene,
Gwen Stefani,
Maroon 5,
MGMT,
Joy Division,
Justin Timberlake,
Rammstein,
Kanye West,
Death Cab for Cutie,
Panic! At the Disco,
The Doors,
Nine Inch Nails,
Yeah Yeah Yeahs,
Fall Out Boy,
Marilyn Manson,
Arcade Fire,
The Rolling Stones,
Keane,
Cheryl Cole,
Adele,
Alanis Morissette,
Ashlee Simpson,
Gorillaz,
The Kooks,
Interpol,
Lindsay Lohan,
The Veronicas,
The Smashing Pumpkins,
Demi Lovato,
Pixie Lott,
Enrique Iglesias,
Black Sabbath,
Queens of the Stone Age,
Snow Patrol,
Nickelback,
Pearl Jam,
The Pretty Reckless,
Massive Attack,
Blur,
Slipknot,
The White Stripes,
Crystal Castles,
Portishead,
t.A.T.u.,
Bob Dylan,
Cobra Starship,
Nicole Scherzinger,
New Order,
Timbaland,
Ramones,
Avenged Sevenfold,
Ciara,
Nightwish,
Fergie,
Duran Duran,
Megadeth,
R.E.M.,
Incubus,
Justin Bieber,
The Clash,
Korn,
Within Temptation,
Elvis Presley,
Aerosmith,
Good Charlotte,
Owl City,
Los Hermanos,
Weezer,
Mika,
Regina Spektor,
Kasabian,
La Roux,
The Who,
Usher,
a-ha,
Three Days Grace,
Bloc Party,
Judas Priest,
Beck,
Backstreet Boys,
Pitty,
Pet Shop Boys,
Garbage,
Robyn,
Janet Jackson,
Cansei de Ser Sexy,
Simple Plan,
Jordin Sparks,
Destiny's Child,
KISS,
Jay-Z,
Natasha Bedingfield,
Nicki Minaj,
The Offspring,
Moby,
Boys Like Girls,
Bullet for My Valentine,
Bon Jovi,
Cascada,
The Ting Tings,
Chris Brown,
Jonas Brothers,
Duffy,
M.I.A.,
The xx,
The Fray,
Belle and Sebastian,
Klaxons,
Kate Nash,
OneRepublic,
Vampire Weekend,
Pixies,
Alice in Chains,
Slayer,
Deep Purple,
Tool,
Goldfrapp,
Scorpions,
Sum 41,
Vanessa Hudgens,
Kaiser Chiefs,
Beirut,
Sugababes,
Keri Hilson,
Air,
Céline Dion,
The Prodigy,
Rise Against,
John Mayer,
Ellie Goulding,
Papa Roach,
Robbie Williams,
Bruno Mars,
The All-American Rejects,
Dream Theater,
Motörhead,
ABBA,
Johnny Cash,
Jack Johnson,
RBD,
Pantera,
The Used,
Phoenix,
Elliott Smith,
The Cranberries,
Hurts,
A Day to Remember,
Jimi Hendrix,
Taio Cruz,
All Time Low,
Rage Against the Machine,
Travis,
The Velvet Underground,
HIM,
Jessie J,
Carrie Underwood,
Röyksopp,
Little Boots,
Colbie Caillat,
Breaking Benjamin,
Creedence Clearwater Revival,
Sophie Ellis-Bextor,
Flyleaf,
Yann Tiersen,
Aphex Twin,
Bring Me The Horizon,
Anahí,
Lifehouse,
John Lennon,
Porcupine Tree,
Ozzy Osbourne,
Deftones,
Belinda,
James Blunt,
Feist,
McFly,
Escape The Fate,
Marina & the Diamonds,
Jessica Simpson,
In Flames,
